<?xml version='1.0' encoding='utf-8' standalone='yes' ?>
<map>
    <long name="com.facebook.appevents.SessionInfo.sessionStartTime" value="1755109532208" />
    <long name="com.facebook.appevents.SessionInfo.sessionEndTime" value="1755109565549" />
    <int name="chut.na.chuchi.baate.unchi.unchi.classes.originalInstallVersionCode" value="38" />
    <int name="com.facebook.appevents.SessionInfo.interruptionCount" value="0" />
    <int name="com.encdata.missl.classes.originalInstallVersionCode" value="44" />
    <long name="chut.na.chuchi.baate.unchi.unchi.classes.cloneTimestamp" value="1753835566636" />
    <long name="com.encdata.missl.classes.cloneTimestamp" value="1754653956054" />
    <string name="com.facebook.appevents.SessionInfo.sessionId">ee7b9cfc-da0e-4761-9e48-96ef16505018</string>
</map>
