{"Fid":"fBW1TPWTSEui5U7-ewgfZj","Status":3,"AuthToken":"eyJhbGciOiJFUzI1NiIsInR5cCI6IkpXVCJ9.eyJhcHBJZCI6IjE6MTAxNjc4NjQ0NTg4MjphbmRyb2lkOjI2MWUxNWI4MDZlYmMwOGJlZTc3MDMiLCJleHAiOjE3NTUyNTg0MzUsImZpZCI6ImZCVzFUUFdUU0V1aTVVNy1ld2dmWmoiLCJwcm9qZWN0TnVtYmVyIjoxMDE2Nzg2NDQ1ODgyfQ.AB2LPV8wRAIgOczRhSTlKClbNH8OkgbwBrQK5Xx2_o43fVkKZy1vNZ8CIAP7nSQsIQ1ojbc1STAH3abUgxDR1ZMDZs5lzxd98s5C","RefreshToken":"3_AS3qfwLNOMe-VyrHIQXYFhCC-oPjJ9WuwcPO_bMhFa-Pip-7ei9dqaDCfWBWdtj7TeI9iPzzcDsAjy9HhUqRgIDhUQY_FP-Cvq-6nQH8QQgbSTU","TokenCreationEpochInSecs":1754653633,"ExpiresInSecs":604800}